{"cameraMode":{"drawMode":0,"name":"Shaded","section":"Shading Mode"},"sceneLighting":false,"audioPlay":false,"sceneViewState":{"m_AlwaysRefresh":false,"showFog":true,"showSkybox":false,"showFlares":true,"showImageEffects":true,"showParticleSystems":true,"showVisualEffectGraphs":true,"m_FxEnabled":true},"in2DMode":false,"pivot":{"x":-0.055899232625961307,"y":0.00933531578630209,"z":6.974416599803135e-10},"rotation":{"x":0.12300372123718262,"y":-0.846275269985199,"z":0.22223250567913056,"w":0.468350887298584},"size":0.004909220617264509,"orthographic":false}